"","acc","prec","rec","di","amt"
"Male",0.939554612937434,0.927021696252465,0.959183673469388,1,490
"Female",0.939554612937434,0.954128440366973,0.91832229580574,0.957399840308111,453
